"STATEFP","ST_FIP","GEOID","q1a","q1d","q6","q6c","age_median","pop_total","per_male","ratio_agedepen","hh_size","hh_samesex","hh_oc","per_25to64","per_edu_bachelor","income_median_hh","income_oc_to_rc","percent_flood","avg_month_drought","near_dist"
9,960120,"900360120","3","3","0","0",42.6,17.625,47.5120567375887,58.9,2.34,0.6,74.4,54.6212765957447,11.8751773049645,63.447,2.11097400229969,6.4457394,1,41.5301088512
9,968940,"900368940","4","3","0","0",41.7,23.477,49.6272947991651,69.1,2.72,0.6,86.1,54.1849469693743,36.7125271542361,113.224,2.9905068574836,14.1510496,1,63.9249261356
9,970550,"900370550","3","1","1","0",42.8,42.491,48.1796145066014,65.3,2.57,0.6,85.1,54.1291096938175,20.1266150478925,77.673,2.89834708049425,7.4700081,1,33.6494689634
9,971390,"900371390","3","2","0","0",41.7,25.476,50.0196263149631,61.1,2.68,0.5,90.1,54.6553619092479,26.6054325639818,88.35,2.57030788243512,18.9822631,1,54.593158292
9,987000,"900387000","2","2","0","1",41.4,28.947,48.4747987701662,58.2,2.61,0.7,81.8,54.8001520019346,21.4564549003351,78.695,1.74968418000704,18.0948748,1,61.1073224745
9,960750,"900560750","4","2","0","0",40.2,12.213,51.9774011299435,53.5,2.63,0.7,88.6,57.0539588962581,12.3393105707033,71.63,1.51015648360411,0.0100258,1,41.3252119248
9,975730,"900575730","2","1","0","0",41.9,7.873,48.7361869681189,49.9,2.45,0,76.3,58.7704813920996,16.5375333418011,63.99,1.99514563106796,0.000632676,1,43.3158831169
9,920810,"900720810","2","1","1","0",42.1,7.293,51.857945975593,61.1,2.85,0.7,94.6,54.9019607843137,22.555875497052,105.417,1.81134845360825,5.5928197,1,20.920447989
9,940710,"900740710","4","4","0","1",44.9,6.487,50.2081085247418,71.8,2.67,0.6,97.8,54.2623708956374,31.1854478187144,99.5,1.95030661873546,4.8707468,1,10.9070997441
9,958300,"900958300","4","3","0","0",42.6,12.192,47.0718503937008,57.8,2.87,0.9,95.4,57.3244750656168,23.2693569553806,107.5,1.96733717671837,3.8361104,1,23.2867895855
9,962290,"900962290","4","1","0","1",42.7,9.282,49.5259642318466,56.3,2.8,0.7,92.8,56.5826330532213,20.5020469726352,86.526,2.96031670323381,4.8914325,1,22.4151175603
9,942390,"901142390","3","1","0","0",41.7,7.253,51.6062319040397,63.7,2.56,0.5,87,56.1009237556873,16.8619881428374,72.431,1.72337179997347,7.4611696,1,31.7892569435
9,917800,"901317800","4","2","0","0",41.9,12.354,48.8020074469807,52.2,2.59,0.2,88.1,58.9120932491501,20.9405860450057,86.244,2.22212631630866,0,1,46.8208058655
9,937910,"901337910","2","2","0","0",38.7,9.571,49.3992268310521,61.9,2.92,0.4,93.7,55.1353045658761,26.0160902726988,108.444,3.48492121135567,0.00176234,1,32.8004715854
9,944910,"901344910","4","3","0","0",21.2,25.855,50.9843357184297,25.1,2.45,0.1,66.6,28.1608973119319,15.3935409011797,65.839,3.19463916028039,0,1,48.9746038071
9,961030,"901561030","4","1","0","0",39.9,4.197,49.3924231593996,56,2.67,0.4,78,58.1605908982607,22.3969502025256,68.278,1.63241633520065,0,1,48.9999211732
9,962710,"901562710","1","1","1","0",41.2,9.564,48.7766624843162,62.5,2.39,0.4,55.2,53.7745713090757,8.86658301965705,51.18,1.87583836351442,0,1,40.8255126752
9,962710,"901562710","2","1","1","0",41.2,9.564,48.7766624843162,62.5,2.39,0.4,55.2,53.7745713090757,8.86658301965705,51.18,1.87583836351442,0,1,40.8255126752
9,975870,"901575870","4","1","0","0",42.8,9.434,50.688997244011,58,2.6,0,80.4,58.2361670553318,11.437354250583,60.951,1.97076185461298,0,1,43.6135036663
17,1775198,"1703175198","1","1","0","0",35,169.573,45.9359685799036,68.1,2.76,0.4,67.5,50.1760303821953,9.70614425645592,46.257,2.02691413627779,7.927232,0,13.9711199684
20,2025925,"2000325925","3","1","1","0",48.6,3.409,48.1079495453212,110.2,2.31,0,83.4,43.6198298621297,6.80551481372837,34.729,1.69703529411765,0,1,483.65273676
20,2020075,"2001520075","2","2","1","1",36,13.004,50.0076899415564,68.3,2.33,0.3,63.3,47.0009227929868,11.0196862503845,40.334,1.67470827323981,16.8912553,2,418.989609477
20,2013625,"2002713625","2","1","1","0",45.2,4.35,48.7816091954023,83.2,2.19,0.9,68.3,46.1609195402299,10.4827586206897,39.973,2.16901697138641,8.2137115,3.4,428.310198568
20,2038900,"2004538900","4","4","1","0",25.6,86.426,50.3413324693958,34,2.24,0.6,46.7,43.5598083909935,23.6364057112443,41.29,2.97303993616932,14.7817812,1,534.432999568
20,2017850,"2009117850","1","1","1","1",34.5,5.553,52.1339816315505,72.1,2.94,0,70.6,51.9358905096344,17.0898613362147,61.915,2.76824963367524,24.395804,1,547.254692669
20,2025425,"2009125425","2","1","1","0",29.3,17.541,49.2446268741805,63.2,2.82,0.2,77.1,53.4405108032609,17.4676472264979,63.656,1.50077664531779,2.3441808,1,548.144702865
20,2047225,"2009147225","3","3","0","0",35.4,9.484,47.4167018135808,35.3,1.81,0.6,45.2,59.9957823703079,29.6393926613243,48.407,1.76024550683951,3.730168,1,555.866778256
20,2052575,"2009152575","3","1","1","0",32.4,120.774,49.7540861443688,57,2.79,0.8,74.1,55.2809379502211,26.0304370145892,75.228,2.36574343252815,5.6090024,1,558.005846327
20,2057575,"2009157575","2","2","0","0",42.2,21.727,44.8198094536751,65.3,2.14,0.4,80.6,55.7601141436922,38.3025728356423,79.5,1.5833410543871,0.6939827,1,560.5292846
20,2036950,"2009536950","2","1","1","0",41.6,3.198,48.6866791744841,104.2,2.24,0,79.2,45.0906816760475,8.25515947467167,41.287,0.97702160017109,0,2.111111111,370.52829083
20,2038650,"2010338650","2","1","0","0",36,10.961,60.861235288751,45.7,2.89,0.4,78.7,58.8449958945352,18.009305720281,80.905,1.76586257456766,24.2355574,1,524.169769504
20,2021275,"2011121275","1","1","1","1",28.8,25.945,48.3253035266911,51.1,2.35,0.1,52.2,44.659857390634,10.4721526305647,32.179,2.1915346855608,7.8755241,1,484.012868952
20,2041375,"2011341375","3","2","1","0",34.3,3.418,43.9145699239321,69.4,2.23,0,72,39.877121123464,16.7056758338209,53.158,1.90472459925274,13.9898983,3,448.966887055
20,2032275,"2011532275","2","2","1","0",37.5,2.958,50.946585530764,69.5,2.2,1.1,72.8,34.4827586206897,13.0493576741041,47.717,1.78101335760018,6.744039,2,481.232722042
20,2045050,"2011745050","1","1","1","0",45.6,3.27,47.9510703363914,75.9,2.08,0,65.5,49.4189602446483,6.97247706422018,38.942,1.86806546055101,0,5,393.193508347
20,2043525,"2015943525","3","1","1","0",38.8,3.729,45.6154465004022,68.6,2.29,0,68.9,51.2469831053902,6.65057656208099,41.552,2.24893505001675,0,3,414.302381934
20,2068200,"2015968200","2","1","1","0",37.6,2.204,50.3176043557169,66,2.41,0,73.9,37.4773139745917,12.7949183303085,36.192,2.51221018357379,0,2,403.627152125
20,2061825,"2016761825","1","1","1","0",43.7,4.375,48.2057142857143,77.7,2.14,0,70.5,49.3942857142857,11.7257142857143,32.347,2.17732111908888,0,4,353.223493683
20,2062700,"2016962700","2","1","1","0",37,47.132,48.7694135619112,65.9,2.41,0.3,65.3,50.5516421963846,12.4458966307392,42.027,2.26430484538593,0,3.633333334,435.252368799
20,2026875,"2018126875","2","1","1","0",41.8,4.257,51.0453370918487,72.1,2.19,0,68.7,51.8205308902983,8.57411322527602,36.997,1.62039368276493,0,15,209.077315235
23,2373670,"2300573670","2","1","0","0",39.5,9.815,50.9322465613856,47.7,2.61,1.6,92.9,56.9638308711156,14.0499235863474,64.797,1.73243870967742,0,1,2.880987165
25,2526815,"2500326815","3","2","0","0",48.4,7.16,45.6703910614525,65.1,2.14,0.1,63.5,55.4748603351955,23.1703910614525,52.843,2.75632593051149,0,1,107.438923458
25,2534970,"2500334970","3","2","1","0",45,5.022,48.7853444842692,96.4,2.27,0.5,65.2,46.4755077658303,22.1823974512147,60.604,1.74777011494253,0,1,123.081056025
25,2551265,"2501151265","2","2","1","0",41.1,7.795,47.7870429762668,59.5,2.33,1.7,69.9,57.010904425914,10.288646568313,42.809,2.97221785396027,0,1,105.350907777
25,2568400,"2501168400","3","3","0","0",30.6,3.712,52.2359913793103,43.6,2.35,3.2,52.7,51.5625,30.145474137931,53.945,1.89154581534084,0,1,119.774835643
25,2567000,"2501367000","3","2","1","0",32,152.906,47.4801512040077,61.3,2.59,0.6,51.3,48.6161432514094,8.67918852105215,34.628,2.98102336399197,4.9562634,1,84.7166982957
25,2526535,"2501526535","3","2","0","0",43.6,6.229,47.7765291379034,58.9,2.42,0.6,82.2,56.7346283512602,18.2533311928078,66.726,2.62392682604676,0,1,100.509785178
25,2527690,"2501527690","4","3","1","1",46.9,5.176,46.4451313755796,69,2.41,1.7,69.9,51.3910355486862,24.2658423493045,69.911,2.13963559545815,0,1,111.649895967
25,2564145,"2501564145","3","1","0","0",40.4,17.494,41.3570366982966,53.9,2.19,0.8,77.9,48.3823025037156,18.8007316794329,62.236,1.79817193045166,0.2216107,1,100.821393379
25,2531085,"2501731085","3","3","0","0",39.8,14.474,50.1934503247202,70.8,2.97,0.2,91.9,54.5944452121045,38.6969738842062,120.24,2.16528804027987,9.185863,1,41.6446184796
25,2570360,"2501770360","2","1","1","0",39.2,8.871,51.8769022658099,53.8,2.86,0.2,87,57.5019727200992,18.1602975989178,76.533,3.14146073585942,7.4652705,1,64.1261146117
25,2530945,"2502730945","2","2","1","0",40.6,5.902,46.6960352422907,52.6,2.56,0,86.6,60.7251779057946,28.1599457810912,97.227,2.27216276024026,10.8407954,1,36.2136961319
25,2534165,"2502734165","3","3","1","0",38.3,7.776,55.6198559670782,46,2.75,0.6,81.7,58.6162551440329,19.6630658436214,80.938,3.57185243440337,18.119019,1,53.4678868671
25,2541340,"2502741340","3","1","0","0",42.2,13.22,46.3615733736763,56.4,2.42,0.4,72.8,57.6701966717095,16.3237518910741,67.448,2.30066777963272,8.5494747,1,52.3298356028
25,2546925,"2502746925","2","1","1","0",37.9,15.287,49.5191993196834,64.7,2.73,0.7,70.2,53.6534310198208,18.4470465101066,68.016,2.90939094826269,15.0494015,1,41.0098818305
25,2552420,"2502752420","2","1","1","0",42.7,4.745,47.5026343519494,64.1,2.73,2.3,95.4,48.6406743940991,23.8777660695469,100.333,1.28184419713831,7.9897886,1,70.797789114
25,2555395,"2502755395","3","2","1","0",45,3.406,46.9759248385203,52.1,2.72,0,91.4,60.8044627128597,39.9882560187904,102.853,1.90389398138279,0,1,68.9536336836
25,2575015,"2502775015","4","2","1","1",37.6,18.272,51.2368651488616,64.7,2.69,0.3,67.1,54.4439579684764,37.9433012259194,96.069,1.70499867448231,17.6611622,1,46.8506885883
25,2575155,"2502775155","3","1","0","0",41.3,7.657,61.9955596186496,39,2.47,0.4,81,63.0795350659527,18.7410212877106,79.906,1.71773868942199,7.9481571,1,60.2301324609
26,2656200,"2600356200","2","1","1","0",52,2.542,45.9874114870181,89.3,2.05,3.2,60.2,46.6561762391817,9.36270653029111,34.65,2.78726977875594,0,6,1.92352337978
26,2635720,"2600535720","2","1","1","0",41.7,5.903,51.8888700660681,69,2.57,1.5,93.3,55.9207182788413,17.2624089446044,63.004,1.77313103448276,0.00550459,2,54.3485803429
26,2684880,"2600584880","4","4","1","1",31.6,4.079,49.7180681539593,69.5,2.58,0,68.6,49.5954890904633,8.13924981613141,44.646,3.52909579230081,0,2,47.300333046
26,2637120,"2601537120","2","2","1","1",35.9,7.395,46.6396213657877,68.7,2.43,0,64.3,49.3711967545639,8.6815415821501,42.562,2.22759199540575,10.7454068,2,76.1069700024
26,2626420,"2601726420","2","1","1","0",41.8,3.521,44.6180062482249,73.6,2.5,0.9,92.2,48.7361545015621,13.8028969042886,45.951,1.77682242990654,15.5528673,1,4.35961500585
26,2651940,"2602551940","3","1","1","0",36.9,7.16,47.4581005586592,67.7,2.39,1.7,73.2,51.6759776536313,19.4832402234637,44.771,2.07968388589052,5.6335366,2,109.997395331
26,2622880,"2602722880","1","1","1","0",34.7,5.93,45.9359190556492,69.8,2.41,0.2,60.4,49.5952782462057,4.89038785834739,32.02,1.99579684763573,6.3407968,2,35.0630215418
26,2624020,"2602924020","2","1","1","1",43,1.927,48.3134405812143,64.6,2.05,0,73.6,50.9081473793461,5.39699014011417,32.022,1.39549487057793,0,1,20.0562257996
26,2615920,"2603515920","3","1","1","0",37.7,3.103,40.9281340638092,72.6,2.19,0,46.4,47.0834676119884,9.95810505961972,29.047,4.14224760404359,12.385117,1,65.7270665254
26,2615920,"2603515920","3","1","1","0",37.7,3.103,40.9281340638092,72.6,2.19,0,46.4,47.0834676119884,9.95810505961972,29.047,4.14224760404359,12.385117,1,65.7270665254
26,2624120,"2603724120","4","3","1","1",26.9,1.49,41.8791946308725,36.3,2.45,0,64.9,52.4832214765101,41.0738255033557,50.179,7.98543689320388,19.8054672,1,110.588593591
26,2624120,"2603724120","4","3","1","1",26.9,1.49,41.8791946308725,36.3,2.45,0,64.9,52.4832214765101,41.0738255033557,50.179,7.98543689320388,19.8054672,1,110.588593591
26,2610220,"2604310220","2","1","1","0",46.4,5.899,51.601966434989,69.4,2.49,0.4,94.5,53.0259365994236,12.2393626038312,48.306,3.04142823080591,3.7630779,11,67.5899843142
26,2659220,"2604359220","4","1","1","1",39.3,2.896,49.896408839779,71.8,2.31,1,67.1,50.2762430939227,6.35359116022099,36.006,2.46932691205137,1.7307872,11,57.0847280253
26,2614820,"2604514820","2","1","1","0",35.7,9.126,46.6579005040544,79.4,2.43,0.4,71.3,48.8384834538681,8.13061582292351,42.379,2.27164003971478,4.0301956,1,114.336131408
26,2621520,"2604521520","4","2","1","0",41.4,32.217,48.2509234255207,56.3,2.27,0.6,65.4,54.3781233510259,23.6583170375889,60.565,1.93804926509922,8.1088872,1,122.619089694
26,2633280,"2604933280","3","1","1","0",40.2,8.395,49.434187016081,59.8,2.31,0.9,61.6,53.3889219773675,23.1804645622394,56.391,3.13158284571513,7.9875734,1,72.1588965242
26,2633300,"2604933300","4","2","1","0",35.5,36.534,49.6688016642032,61.2,2.66,0.5,71.3,53.2353424207587,19.1766573602671,60.542,2.09230251912461,4.1329671,1,72.7948290931
26,2647820,"2604947820","2","1","1","0",36.9,3.843,47.9833463440021,85.9,2.52,0,94,50.9237574811345,18.9175123601353,60.234,2.79042150593762,8.7779685,1,80.2665985545
26,2655960,"2604955960","1","1","1","0",35.6,3.141,42.0885068449538,58.7,2.35,0,52.4,54.1547277936963,4.29799426934097,30.805,1.79964595342926,0,0,54.8126441055
26,2632320,"2605132320","2","2","1","0",43,2.967,45.2645770138187,97.9,2.05,0,62.7,45.0960566228514,9.84159083249073,25.136,3.73352855051245,0,1,46.4229585533
26,2641060,"2605341060","2","2","1","0",44.1,5.49,51.384335154827,69.3,2.02,0,70.9,50.2185792349727,11.5846994535519,29.693,2.09466196157509,0,8.875,21.1349280523
26,2641340,"2605741340","3","1","1","0",38.1,2.953,49.2719268540467,63.9,2.58,0,79.3,52.353538774128,7.5516423975618,39.042,2.61188888888889,5.1032774,0,70.7413731929
26,2653140,"2606553140","4","3","1","1",38.9,39.669,47.1678136580201,51.9,2.29,0.7,62.3,53.7699463056795,35.9323401144471,63.93,3.25538781511098,15.5294686,1,113.724363655
26,2665860,"2606765860","2","2","1","0",35.8,3.902,45.8482829318298,54.4,2.34,0,69.1,53.6904151717068,13.9928241927217,46.496,2.59449510583117,14.2618026,1,107.413512633
26,2641420,"2607541420","2","1","1","1",33.1,34.349,47.229904800722,61.8,2.4,0.1,58.7,51.9665783574485,7.92162799499258,30.641,2.8445622656149,7.3083242,2,93.8256968036
26,2642160,"2607742160","3","2","1","0",25.7,74.318,48.6207917328238,41.6,2.32,1,46.4,42.5065260098496,13.6871282865524,29.919,2.79041073651172,5.9561318,2,59.9575314663
26,2613660,"2608113660","3","3","0","0",41.9,16.819,51.7034306439146,72.4,2.72,0.5,92,52.2504310601106,33.4264819549319,94.313,4.07234232045988,0,1.588888889,59.3555618018
26,2614200,"2608114200","3","1","1","0",36,3.467,52.9852898759735,62.8,2.67,0.8,58.4,52.3507355062013,5.13412171906547,42.943,1.60070275817034,0,1,57.0400376519
26,2634000,"2608134000","3","3","1","0",30.7,190.441,48.4149946702653,56.9,2.47,1.1,59.1,49.7293124904826,14.6523070137208,38.344,2.45415659289567,0,1.033613445,45.9728650624
26,2634160,"2608134160","2","1","1","0",34.7,15.598,48.7690729580715,64.6,2.57,0.6,73,49.9615335299397,17.5471214258238,50.984,2.02645068016035,0.0015072,1.222222222,37.7737634725
26,2682960,"2608182960","2","1","0","1",35.2,23.29,47.5955345641906,53.3,2.33,0.5,63.7,52.0008587376556,14.6028338342636,49.189,2.23473638844994,0.000303093,1,38.8499093247
26,2646040,"2608746040","2","1","1","0",34.8,9.077,52.847857221549,63.6,2.23,0,50.9,51.7241379310345,9.07788917043076,33.316,2.75463153561136,10.4691925,1,60.3954896045
26,2610640,"2609310640","2","2","1","0",41.4,18.245,51.8991504521787,57.9,2.83,0.2,94.1,54.9684845163058,23.5571389421759,93.327,1.88739390620722,1.3620172,1,59.3844308659
26,2631860,"2609331860","2","1","1","0",41.8,19.662,47.8028684772658,59.4,2.49,0.5,83.8,55.2436171294884,20.5116468314515,67.548,2.21044183738983,3.4872719,1,67.7807316752
26,2639540,"2609339540","1","1","1","1",35.6,9.685,49.7676819824471,58.7,2.3,0,58.2,53.8771295818276,13.2885906040268,43.094,1.71728071527671,4.8803634,1,76.1994660814
26,2669800,"2609969800","2","2","1","0",38.8,47.83,48.6870165168304,58.1,2.39,0.7,74.2,54.9048714196111,6.7008153878319,41.853,1.95678478824546,0,1,4.45780680759
26,2670760,"2609970760","2","2","1","0",43.8,60.776,46.7536527576675,64.1,2.23,0.3,83.6,54.2812952481243,13.9347768856127,52.357,1.80758790677358,2.9368921,1,0.771551761898
26,2676460,"2609976460","2","2","0","0",39.1,129.687,48.5091026856971,57.3,2.63,0.5,79.1,54.9284045432464,16.5745217330958,58.073,1.89281595940959,7.6843403,1,13.6248184312
26,2681540,"2609981540","2","2","1","1",39.3,4.757,48.2657136850956,48.8,2.34,0,65,57.7044355686357,13.6640739962161,46.25,2.22408707150849,9.5808436,1,15.2175413271
26,2641220,"2610341220","2","2","1","0",37.6,6.501,49.4846946623596,61.8,2.43,0,75,52.3150284571604,11.2444239347793,39.065,3.11527471100143,0,11,22.1580584292
26,2651900,"2610351900","3","3","1","1",31.7,21.247,51.7155363110086,36.3,2.22,0.2,53.2,45.2110886242764,18.98150327105,36.797,3.43060342469501,6.6265412,10.74193548,0.607770065751
26,2656360,"2612156360","3","2","1","1",30.8,11.157,42.869947118401,72,2.57,0,50.8,46.7957336201488,1.95393026799319,20.362,1.789888,3.4756675,0,5.35055268161
26,2659140,"2612159140","3","1","0","0",42.5,23.916,48.0013380163907,68.3,2.42,0.5,86,50.6815520990132,16.8381000167252,49.299,1.98654579466149,5.1355459,0,3.78653346207
26,2669520,"2612169520","2","2","0","0",35.3,3.876,46.671826625387,72.3,2.35,0.5,59.2,48.1166150670795,11.3519091847265,42.069,2.01834387366397,0,0,3.51889275751
26,2686780,"2612186780","4","1","1","0",39.5,2.772,45.8874458874459,68.6,2.34,0,65.4,48.4848484848485,9.09090909090909,43.942,2.16780365720744,11.1959009,0,6.82634163038
26,2610040,"2612510040","3","3","0","0",39.3,15.106,49.6954852376539,51.7,2.86,0.6,92.2,57.9041440487224,15.8149079835827,71.267,2.75855763604447,4.2439681,1,51.4583413508
26,2627440,"2612527440","4","1","1","0",41.4,80.191,48.2722500031176,59.6,2.36,0.3,65.8,55.8653714257211,31.3925502861917,67.803,2.26985949237565,4.1337204,1,31.2291510903
26,2646320,"2612546320","3","2","1","0",48.7,4.101,45.6961716654475,48.2,2.27,1.4,95.2,63.9356254572056,35.9912216532553,81.607,0.923332272293211,0,1,22.6763495012
26,2650560,"2612550560","1","1","1","1",40.2,29.954,50.0467383321092,49.3,2.3,0.4,67.6,58.3094077585631,14.472190692395,45.313,2.1905322656618,0,1,18.007772574
26,2675100,"2612575100","3","1","1","0",36.7,11.072,46.3601878612717,71.4,2.43,0.2,78.3,53.0256502890173,22.7330202312139,51.297,2.277213401507,2.9976711,1,48.2259337611
26,2688140,"2612588140","2","3","1","0",30.6,13.456,47.7556480380499,46.5,2.28,0,50.2,55.4696789536266,21.2916171224732,51.503,2.97953788917173,9.0471592,1,43.9982231972
26,2631720,"2613731720","3","1","1","0",42.5,3.732,49.1961414790997,68.2,2.03,1.4,53.6,48.0439442658092,8.54769560557342,27.115,2.76846259642409,0,1,46.2594038014
26,2633340,"2613933340","3","1","1","0",44.7,10.64,44.9906015037594,69.5,2.15,0.9,72.9,52.218045112782,16.9642857142857,42.398,2.06981016533987,16.3302975,0,3.09128574771
26,2633360,"2613933360","2","1","1","0",36.8,14.963,46.6951814475707,64.2,2.8,1.2,84.9,51.3867539931832,21.7937579362427,67.111,2.4352725871701,9.2091469,0,3.28273159397
26,2638640,"2613938640","3","2","1","0",29.8,26.629,48.2256186863945,59.8,2.54,0.2,65.8,45.7433624995306,15.5469600811146,44.001,1.82077559497463,4.4436641,1,9.73097280408
26,2638640,"2613938640","3","2","1","0",29.8,26.629,48.2256186863945,59.8,2.54,0.2,65.8,45.7433624995306,15.5469600811146,44.001,1.82077559497463,4.4436641,1,9.73097280408
26,2662460,"2613962460","3","1","1","0",41,17.915,49.9246441529445,69.6,2.78,0.7,92.5,53.854312029026,24.18643594753,69.257,1.87638903312909,3.5667612,0.795918367,3.63992896095
26,2675840,"2613975840","3","2","1","0",41.8,14.201,47.5881980142244,67.4,2.45,0.5,76.1,53.6089007816351,19.7943806774171,53.385,2.06431893687708,17.755603,0,6.31334017315
26,2669260,"2614169260","3","1","1","0",50.6,2.946,47.5560081466395,87.8,2.01,0.6,79,49.4908350305499,8.99524779361847,34.899,1.92036699107867,0,1,1.41849933367
26,2630200,"2614530200","3","2","1","0",49.2,4.945,46.5116279069767,89.9,2.38,0,72.2,45.1365015166835,17.4519716885743,58.99,1.81905347895196,0,0,31.1974296716
26,2652080,"2614752080","3","1","1","0",41,10.057,50.0546882768221,66.7,2.35,0,82.8,52.510689072288,13.7416724669385,55.674,1.84172134900046,1.4088869,1,13.2011375702
26,2670680,"2614770680","3","1","1","0",36.6,5.634,47.7813276535321,66.9,2.33,0.6,72.5,51.5264465743699,15.7614483493078,45.223,2.17022633088938,13.3782922,1,19.7192636475
26,2671540,"2615171540","3","2","1","0",37.8,2.74,47.4452554744526,66.9,2.23,0,60.5,49.963503649635,5,29.25,3.12594458438287,0,1,23.0353019875
26,2623500,"2615523500","1","1","1","0",31.2,3.572,46.1926091825308,80.9,2.54,0.7,68.8,44.8768197088466,4.67525195968645,36.955,1.85202077790447,0,1,81.1364084944
26,2681840,"2615781840","2","2","1","1",35.5,2.722,48.7141807494489,78.3,2.59,0,71.4,47.9059515062454,8.52314474650992,41.2,3.24008157211717,27.8654294,0,27.6125830398
26,2653920,"2616153920","2","1","1","1",38,3.679,47.6488176134819,57,2.51,0.7,79.7,54.5528676270726,18.5920086980158,63.164,2.66914163572955,4.1727709,2,35.0697106732
26,2653920,"2616153920","2","1","1","1",38,3.679,47.6488176134819,57,2.51,0.7,79.7,54.5528676270726,18.5920086980158,63.164,2.66914163572955,4.1727709,2,35.0697106732
26,2671140,"2616171140","3","1","1","0",41.1,8.744,45.5512351326624,64.1,2.3,0,75.3,56.5873741994511,35.2584629460201,68.789,3.19203789412786,6.9407682,2,46.8351713231
26,2671940,"2616171940","3","2","1","0",40.2,19.462,47.3075737334292,58,2.46,0.8,80.1,58.3187750488131,35.566745452677,80.267,2.70573320185942,6.230987,2,57.1241483198
26,2689140,"2616189140","2","1","0","0",25.4,20.191,48.9970779059977,30.9,2.09,0.7,39,42.4545589619137,16.8094695656481,34.685,3.32156151570106,8.6097167,2,38.2808734832
26,2621000,"2616321000","3","2","1","1",34.8,98.392,49.2722985608586,70.3,2.86,0.3,71.8,49.4267826652573,16.1893243353118,47.99,2.1871522884059,5.9824213,1,8.70888809409
26,2631420,"2616331420","2","1","0","0",39.3,28.199,48.8598886485336,59.3,2.7,0.5,85.1,54.1260328380439,6.82648320862442,55.229,1.81766373083839,0,1,18.713644123
26,2635420,"2616335420","3","1","1","0",47.6,10.504,49.0003808073115,66.7,2.54,0,91.7,53.3035034272658,24.3907083015994,81.118,2.17353824050081,19.5962775,1,0.747947167529
26,2635520,"2616335520","4","3","1","1",45.2,9.561,50.977931178747,77.9,2.6,0,97.6,51.1139002196423,37.8621483108461,107.264,1.83489361702128,1.2125572,1,2.15674507718
26,2635580,"2616335580","2","1","1","1",42.9,16.357,47.1235556642416,71.4,2.63,0.2,94.3,52.4912881335208,31.4299688206884,85.986,1.23731372494199,0,1,1.58650860231
26,2636280,"2616336280","2","1","0","1",31,22.594,51.3499159068779,65.1,3.17,0.7,53.8,49.3847924227671,5.28458882889263,24.24,1.94495732450793,0,1,6.06387068349
26,2636700,"2616336700","1","1","1","0",35.9,14.296,43.9493564633464,66.7,2.5,0.5,75.3,51.405987688864,15.5917739227756,44.833,1.51029136594493,0,1,4.04796803614
26,2649000,"2616349000","3","1","1","0",43,97.915,49.4142879027728,62.3,2.59,0.3,88,53.3718020732268,20.4013685339325,69.807,2.37831461734453,2.9361544,1,24.8769579148
26,2665060,"2616365060","2","1","1","0",40.2,9.136,47.6357267950963,47.4,2.21,1.4,67.7,61.7994746059545,35.8362521891419,70.045,2.3664857881137,8.5143908,1,30.3344747895
26,2668880,"2616368880","2","1","0","0",41.1,12.64,45.9098101265823,78.8,2.54,0.2,66,47.9667721518987,13.8291139240506,49.172,2.24427094857287,11.0631735,1,2.3577597771
26,2674960,"2616374960","2","2","1","0",40.4,30.16,48.9721485411141,59.6,2.33,0.3,68.9,53.8395225464191,10.3348806366048,48.595,1.75981291269259,1.1311549,1,4.10454809344
26,2680420,"2616380420","2","1","0","0",44.9,19.051,47.7980158521862,71.5,2.42,0.3,81.1,51.6875754553567,13.3221353209805,54.841,2.9589488701735,10.008781,1,1.51569272944
26,2612320,"2616512320","2","1","1","0",35.8,10.384,48.3436055469954,69.5,2.31,0.4,63.1,50.3852080123267,6.60631741140216,31.452,2.73298145892543,0,1,58.549940691
27,2710648,"2700310648","1","1","1","0",33.2,3.716,51.4262648008611,67.2,3.02,1.2,91.2,50.8611410118407,20.7212055974166,82.558,3.392,15.8596129,6,114.033085311
27,2715832,"2700515832","4","2","1","1",43.1,8.472,44.676581680831,79.9,2.03,0.3,61.3,47.8045325779037,13.2436260623229,36.798,3.04103834554072,0,3,99.7998258856
27,2758684,"2700958684","3","2","1","1",31,12.482,49.6715269988784,53.2,2.48,0,70.5,53.2366607915398,15.1578272712706,56.479,2.37101117544096,6.0292417,6,69.3637926194
27,2746042,"2701546042","3","1","1","0",40.7,13.509,50.0037012362129,63.2,2.21,0.8,75.7,48.1826930194685,12.0734325264638,45.603,2.28103034813528,22.3714605,2,211.001098092
27,2747520,"2701947520","2","1","1","1",38.4,3.535,49.6746817538897,57.6,2.39,1.1,74.5,55.021216407355,8.51485148514852,55.66,2.11484480010003,0,5,151.437779036
27,2767036,"2701967036","3","1","1","1",38.9,6.954,50.2444636180615,69.4,2.97,1.1,95.4,52.6747195858499,32.8300258843831,108.21,1.28571924706536,0,5,139.817299284
27,2767432,"2701967432","3","2","1","1",33.2,10.159,51.5405059553106,71.9,2.67,0.1,81.8,51.6389408406339,24.1559208583522,82.887,3.26060910427951,0,5,142.748095724
27,2743864,"2702743864","2","2","1","1",29,36.721,47.8881294082405,48.7,2.35,0.4,64,43.6235396639525,17.0665286893058,44.598,2.86866348990243,16.4857361,2.01754386,115.906452547
27,2770798,"2703370798","2","3","1","0",40.9,4.598,48.2166159199652,87.8,2.17,0,73.3,46.5419747716398,9.91735537190083,35.757,2.48238578981762,0,1,236.519500734
27,2720618,"2703720618","4","2","1","0",32.1,19.659,50.4349153059667,64,2.9,0.2,88,54.7789816369093,17.1117554300829,80.494,2.3447840294368,13.6216562,3,166.357416388
27,2735180,"2703735180","2","1","1","1",34.1,53.984,49.7073206876111,61.2,2.97,0.4,91.4,56.1759039715471,24.6054386484884,91.631,2.35650815350063,5.6083239,3.528089888,163.03335167
27,2753620,"2704953620","3","2","1","0",42.1,16.449,47.4010578150647,70.1,2.26,0.1,76.2,51.4195391817132,13.8367073986261,49.81,2.85001142857143,33.2246758,3,187.365655173
27,2713168,"2705313168","3","1","0","0",43.6,5.38,49.9814126394052,49.4,2.93,0,97.3,59.2193308550186,14.8698884758364,90.058,0.938279288366204,14.7817405,6,112.585460729
27,2714158,"2705314158","2","2","1","1",37.5,22.059,50.3422639285552,56.1,2.4,0.6,77.1,56.1131510947912,18.4278525771794,60.032,1.98992990988414,3.9287271,6,122.17224993
27,2718188,"2705318188","3","3","1","0",44.7,47.445,46.3568342291074,81.4,2.29,0.6,74.9,50.4394562124565,35.3693750658657,79.535,2.0161404074395,6.9846235,5.022222222,138.329961432
27,2740166,"2705340166","4","3","1","1",37.4,59.039,48.3951286437778,52.6,2.7,0.8,89.7,59.3590677348871,31.0015413540202,92.768,2.01066223420429,10.8473834,6,113.360241237
27,2743252,"2705343252","4","2","1","1",44,49.567,48.3708919240624,58.5,2.27,0.6,73.3,56.9370750701071,32.366292089495,81.324,2.13067938735347,6.8998686,5.055555556,132.788645373
27,2744476,"2705344476","2","1","1","1",42.4,9.037,50.580945003873,49.4,2.27,1,79.9,60.6727896425805,20.4492641363284,65.942,2.58690379951496,23.9662813,5,132.007040048
27,2751730,"2705351730","4","1","1","1",38.8,69.171,48.3931127206488,53.3,2.43,0.5,73.4,57.690361567709,33.6759624698212,85.34,2.22334663027504,7.7692357,5.908045977,122.931155402
27,2754808,"2705354808","2","1","1","0",37.8,13.878,48.5444588557429,53.6,2.26,0.5,72.4,56.5427294999279,22.8779363020608,55.27,2.65191440984206,9.7399149,6,123.72974472
27,2760016,"2705360016","3","2","1","1",42.7,7.267,48.5757534058071,65.9,2.8,0,92.2,56.4469519746801,31.8288151919637,118.495,3.50034810214709,6.8844125,5,134.352223624
27,2749768,"2705749768","4","1","1","1",41.3,3.757,46.9523556028746,97.9,2.17,0,52.5,44.0777215863721,7.08011711471919,28.586,3.78418649363134,0,5.117647059,38.830424543
27,2770420,"2706770420","3","1","1","1",33.7,19.335,50.6697698474269,68.6,2.31,0.1,62.6,46.2167054564262,9.40780967158004,38.529,2.6830606594513,4.9800864,5,141.733886725
27,2765956,"2707565956","2","1","1","0",41,3.718,48.6282947821409,63.7,2.05,0.9,66.3,51.7482517482517,8.76815492200108,39.52,2.35898947368421,0,9,0.658425056276
27,2720330,"2709120330","2","1","1","1",44.9,10.629,48.4147144604384,77,2.14,0.2,71.9,50.7385454887572,9.5963872424499,40.007,2.88327787914565,0,0,282.925281306
27,2771734,"2710571734","1","1","1","1",33.7,12.357,51.0722667314073,70.8,2.63,0,64.1,47.7785870356883,8.55385611394351,40.703,2.14739111686072,8.6869381,1,241.43021308
27,2754880,"2710954880","2","2","1","0",34.9,104.201,49.1108530628305,59.4,2.4,0.7,72.6,53.9265458105009,23.5909444247176,60.883,2.25036219598656,0,3,193.202641323
27,2720906,"2711120906","3","1","1","0",41.1,13.353,46.9257844679098,67.9,2.1,0.3,60.6,48.1090391672283,11.4056766269752,37.872,2.6397531768028,0,1.257142857,65.1929315634
27,2717612,"2711917612","2","1","1","1",36,8.386,48.592892916766,57.6,2.33,0.3,67,52.3491533508228,12.449320295731,50.09,3.10759666001089,0,6,129.031112354
27,2720420,"2712320420","4","4","0","0",32.5,5.276,47.5360121304018,45.9,2.27,1.2,52.8,50.2463987869598,35.0265352539803,54.929,2.82458919640916,0,6,129.96383731
27,2737502,"2712337502","4","2","1","1",42.3,9.668,45.7488622258999,51.2,2.11,0,59.7,54.3131981795614,18.3388498138188,47.419,1.62000054976772,17.3183503,6,128.045161693
27,2766460,"2712366460","4","2","1","1",40,12.281,48.8722416741308,48.6,2.45,0.2,80.3,57.812881687159,24.1429850989333,69.926,2.23343410409347,13.7862945,6,124.83151872
27,2769970,"2712369970","4","2","1","1",40.5,23.228,49.4790769760634,63.6,2.26,0.4,72.5,52.2257620113656,17.8491475805063,56.963,1.95714656739676,11.9710521,6,125.388442461
27,2720546,"2713120546","1","1","1","0",35.3,23.034,53.5946861161761,66.1,2.44,0.1,71.9,52.1750455847877,8.92159416514717,48.098,2.27586070595676,7.9805343,3,204.674286868
27,2717000,"2713717000","4","3","1","1",32.6,86.066,48.9775288731903,48.2,2.18,0.7,60.4,46.7722445565031,16.3990425952176,41.092,2.70670778031014,0,8,1.02734938303
27,2719142,"2713719142","2","1","1","0",44.5,3.52,50.9375,59.8,1.94,0,66.8,43.6363636363636,14.4318181818182,31.905,2.98633640708084,0,8,65.3243401739
27,2744548,"2713744548","1","1","1","0",45.9,2.876,51.5646731571627,48.7,2.03,0,72.2,58.2753824756606,10.5354659248957,42.976,2.8526991356555,0,8,87.2840523823
27,2758738,"2713958738","2","1","1","0",33.9,26.609,49.0961704686384,58.4,3.03,0.3,86.7,55.7142320267579,24.0257055883348,89.183,2.25111993129541,0.0722789,5,153.462859046
27,2759350,"2713959350","2","1","0","0",32.4,35.075,49.3713471133286,57,2.79,0.3,80.5,56.9807555238774,22.0498930862438,77.018,1.99025570145128,0.0731086,5,150.27084548
27,2730392,"2716330392","2","1","1","0",33.3,12.129,50.8285926292357,53.6,2.67,0,93.7,58.3807403743095,21.2878225739962,78.261,1.54248391198798,13.9569834,6,116.426518455
27,2734244,"2716334244","4","2","1","1",40.3,7.878,51.7390200558517,60.6,2.84,1.8,93.5,53.8334602691038,25.8314292967758,101.818,2.62808058336423,11.416021,6,135.870472316
27,2739428,"2716339428","2","2","1","1",40.8,7.699,47.655539680478,66.5,2.81,0.4,79.9,51.1624886348876,27.9516820366281,87.731,2.95880464026384,6.1606153,6,127.079899867
27,2747680,"2716347680","2","2","1","0",37.1,27.378,49.6091752502009,52.7,2.5,0.2,80.2,55.234129593104,16.2247059682957,67.061,2.51289207868155,1.9956252,6,134.88326384
27,2758900,"2716358900","4","2","0","0",45,3.911,51.6236256711838,58.1,2.77,0,94.3,57.0698031194068,20.1738685758118,80.556,2.16508364951236,11.4002445,6,112.325406354
27,2762824,"2716362824","3","2","0","1",40,17.804,50.8368905863851,61.7,2.46,0.6,77.1,56.3244214783195,25.8425073017299,70.09,2.28799408737545,11.1069561,6,131.665775467
27,2771428,"2716371428","2","2","1","0",34.6,59.447,49.3666627416018,60.5,2.73,0.3,84.1,55.7706864938517,33.0361498477636,91.383,1.81218615821265,3.955716,5.636363636,144.571845135
27,2757040,"2716557040","3","1","1","0",45.6,4.567,45.8506678344646,73.1,2.43,1,76.1,51.3247208232976,10.3131158309612,38.689,2.15733148019458,0,2,249.716863243
27,2756788,"2716956788","4","3","1","0",28.3,3.689,49.4171862293304,78.7,3.11,0,78,44.7004608294931,13.1200867443752,56.83,2.67164297941797,0,3,159.730469917
27,2715454,"2717115454","2","1","0","0",37.9,5.301,51.5563101301641,68.6,2.51,0.5,83.2,55.4989624599132,21.7128843614412,69.274,3.0894,0,5,120.967273726
27,2749138,"2717149138","3","1","1","1",32.2,12.521,52.4239278012938,55.8,2.78,0,93.9,56.848494529191,15.3022921491894,74.449,1.38568402914887,0.2100705,6,95.0382859007
27,2757346,"2717157346","2","1","1","1",33.1,15.384,49.5644825793032,68.2,3.02,0,94.3,54.0561622464899,17.0566822672907,86.427,1.56886121312115,0.1035529,6,102.272182253
27,2725280,"2717325280","3","1","1","0",36.3,2.273,47.7342718873735,110.3,2.61,0,66.9,42.234931808183,12.2305323361197,44.444,3.72978464039009,0,4,134.265863087
27,2725280,"2717325280","3","1","1","0",36.3,2.273,47.7342718873735,110.3,2.61,0,66.9,42.234931808183,12.2305323361197,44.444,3.72978464039009,0,4,134.265863087
31,3117670,"3105317670","2","1","1","1",37.1,26.223,47.6451969644968,69.8,2.38,0.7,62.6,48.9036342142394,10.025550089616,42.917,2.05557421714627,14.1643603,1,247.432533763
31,3119595,"3107919595","2","1","1","0",34.2,46.975,49.3070782331027,68.1,2.57,0.5,63.4,50.5290047897818,8.38744012772752,43.495,2.08515671200473,11.2057115,11.67567568,239.627844044
33,3328740,"3300128740","2","1","0","0",48.3,7.16,47.1368715083799,75.4,2.31,1.6,86.1,52.0111731843575,20.6564245810056,60.763,1.57061764776927,0,1,4.2827809554
33,3367300,"3300167300","4","2","0","0",45.4,2.924,46.8878248974008,54.1,2.54,1,91.4,61.1491108071135,19.2886456908345,61.702,1.14709018050807,0.0136343,1,16.3418602441
33,3386420,"3300386420","4","3","1","0",52,6.334,49.5895168929586,87.1,2.34,1.6,75.3,48.0107357120303,17.8244395326808,55.667,4.1414481897628,7.0027368,1,3.6406630284
33,3338500,"3300538500","2","1","1","1",42.9,5.516,43.2922407541697,62,2.33,0,70.7,54.29659173314,16.243654822335,56.637,2.68419734535437,3.7036497,1,97.213766959
33,3339300,"3300539300","4","4","1","0",32.5,23.547,45.8827026797469,42.8,2.3,0.8,57.9,46.1375122096233,18.6053425064764,48.057,2.40666213460231,7.8008,1,102.064140734
33,3375700,"3300575700","3","2","0","0",42.9,7.23,52.0470262793914,58.4,2.55,0.8,78.8,53.762102351314,17.8838174273859,52.053,1.69297353910606,9.8799306,1,109.197729369
33,3324340,"3300924340","3","2","1","1",41.7,4.615,48.6240520043337,45.5,2.16,0,74.6,63.2069339111593,18.8732394366197,60.869,1.74658630136986,6.1310216,1,52.3318697326
33,3336180,"3301136180","3","2","1","0",37,5.859,44.7516641065028,76.5,2.72,0.4,76.6,53.2514080901178,8.73869260966035,53.864,2.19863817797605,8.6986238,1,66.524366689
33,3314200,"3301314200","4","2","1","1",39,42.961,49.1073299038663,52.3,2.19,0.5,54.1,56.6071553269244,21.1261376597379,51.412,2.20210906721171,10.8159743,1,38.7260813565
33,3327380,"3301327380","3","2","1","0",37.7,8.582,48.47354928921,61.7,2.57,0,61.8,54.847354928921,8.00512701002097,48.369,2.54579104477612,10.228175,1,26.4057904726
33,3352100,"3301352100","2","2","1","1",50.1,4.422,42.5599276345545,97.5,2.12,1.3,84,30.6648575305292,17.4129353233831,66.146,3.90298795180723,5.3076626,1,48.9219523353
33,3343220,"3301543220","3","3","0","0",38.8,24.198,49.0247127861807,56.8,2.89,0.3,90.2,56.7815521943962,24.5020249607406,89.494,2.38737777777778,4.5173009,1,42.9628433837
33,3312900,"3301912900","2","2","1","0",41.1,13.47,47.6243504083148,63.3,2.24,0,59.6,54.7141796585004,9.62138084632517,41.721,2.08344743648258,6.882838,1,75.9956934223
34,3468430,"3400168430","3","2","0","1",42,11.038,48.8766080811741,63.8,2.32,0.2,58.9,54.4029715528175,12.8374705562602,47.312,2.009282649055,0,2,0.504049637366
34,3421300,"3400321300","4","2","1","0",40.7,19.214,45.3887790153013,59.9,2.71,1.1,61,54.3926303736859,15.5043197668367,66.719,1.47895070869473,9.5150659,1,14.7216978973
34,3424990,"3400324990","3","1","0","0",43.1,10.506,49.4193794022463,74.4,3.12,1.2,90.2,50.4092899295641,35.1703788311441,151.224,3.14723902439024,10.0611936,1,25.1049820584
34,3426640,"3400326640","3","2","0","0",40.8,11.545,49.6751840623647,75.2,3.11,0,96.4,51.580770896492,36.7518406236466,140.882,2.97941720148711,8.1598328,1,17.3047640062
34,3453850,"3400353850","3","2","1","0",39.9,12.642,48.8372093023256,65,3,0.8,96.6,53.1482360386015,27.7804144913779,111.39,1.78629520954264,8.9295766,2,27.4674518071
34,3454990,"3400354990","3","2","0","1",44.2,7.936,46.9254032258064,73.7,2.84,0,88.4,51.6633064516129,32.7620967741936,123.75,2.05667039625685,6.3030058,1,9.81947034897
34,3472420,"3400372420","4","2","0","1",40.9,14.276,48.5710282992435,74,3.06,1,74.1,51.4009526478005,37.7346595685066,125.865,2.52749697702539,12.9291517,1,2.19744910391
34,3447880,"3400547880","3","1","1","1",43.3,20.577,47.6988871069641,77.1,2.73,0.6,82.9,50.5904650823735,31.7636195752539,108.655,2.93425432756325,0,1,8.15629825133
34,3441610,"3400941610","4","3","0","0",45,22.735,49.1576863866285,70.5,2.14,0.3,78.6,52.4213767319112,10.0593798108643,51.101,1.36540435011138,0,2,4.19017919021
34,3454360,"3400954360","3","3","0","0",50.9,12.289,46.065587110424,77.5,1.93,0,66.3,46.5294165513874,21.9871429733908,55.202,1.66927903137039,0,2,0.789494065153
34,3481200,"3400981200","4","2","0","0",51.8,3.374,47.3918197984588,82,1.9,1.5,66.2,50.9484291641968,18.2572614107884,46.111,2.66290227048371,0,2,0.757436339439
34,3446380,"3401346380","3","2","0","1",40.3,19.958,47.7853492333901,78.5,3.08,0.2,81.9,50.7064836155927,42.679627217156,165.603,3.0314226305009,12.7213231,2,15.0646686426
34,3417710,"3401517710","3","3","0","0",39.6,30.177,48.0664081916692,56.3,2.51,0.4,76.9,56.0725055505849,14.5143652450542,66.833,2.02615683166152,7.1467038,1,6.98698170954
34,3424840,"3401524840","3","3","0","0",40.3,16.744,48.7756808408982,52.8,2.85,0.4,88.2,57.2264691829909,10.3678929765886,74.327,1.90931478028021,6.2735091,2,33.0795851647
34,3482840,"3401582840","3","2","0","1",34.1,8.985,50.3505843071786,69,3.2,1.2,90.9,56.1491374513077,27.2231496939343,109.36,1.84888712871287,7.5685076,1,10.1251506806
34,3436510,"3401736510","2","1","1","0",36.3,40.208,50.8132709908476,48.4,2.89,0.1,46.4,57.1229606048548,11.4380222841226,58.698,1.80489894551845,54.7980546,2,3.96511999938
34,3433180,"3402133180","4","3","1","1",40.6,17.137,52.6288148450721,62.2,2.82,0.4,94.4,54.9396043648246,35.1228336348252,132.813,3.54656425375643,5.5483013,1.954248366,41.2447129769
34,3439510,"3402139510","4","3","0","0",37.7,32.762,47.0178865759111,51.7,2.61,0.6,70.8,52.966851840547,29.7539832733044,88.693,2.09854423292273,16.6794817,2,40.4057194237
34,3469420,"3402369420","3","1","1","0",37.9,15.862,50.0441306266549,55.5,2.85,1,73.1,54.6778464254192,13.8002773925104,62.284,2.38674285714286,16.2088652,2,9.91252255446
34,3449920,"3402549920","3","2","0","1",45.4,4.916,52.0951993490643,53,2.13,0,62.2,60.7607811228641,14.7477624084622,50.154,2.50995670995671,10.5724682,2,2.70671135484
34,3441362,"3402741362","2","2","0","0",43.3,8.739,49.0101842316055,72.7,2.87,0.7,90.9,52.17988328184,32.5666552237098,120.691,3.91666666666667,0.3470659,2,23.9712489731
34,3456460,"3402756460","3","3","1","1",40.4,52.854,49.2696863056722,51.8,2.59,0.5,64.5,59.6057062852386,31.7554016725319,85.76,1.75812072593372,0,2,30.4921219838
34,3473125,"3402973125","3","1","0","1",42.2,91.691,48.7376078350111,63,2.6,0.3,84.3,53.8318918977871,16.9678594409484,71.934,1.93667618220181,34.4063556,2,3.432587075
34,3447580,"3403547580","4","2","0","1",39.4,21.435,48.5327735012829,66.9,3.11,0.9,83.9,53.6552367623046,42.6638675064147,146.1,2.37449360837139,8.4822448,2,34.2715482003
34,3415640,"3403915640","3","2","0","1",41.7,22.414,48.5143214062639,66.7,2.71,0.4,85.3,53.4308914071562,31.4937092888373,107.052,1.90793995875761,16.6827459,2,8.25949142111
34,3474480,"3403974480","4","2","0","1",39.1,55.734,47.7410557289985,57.5,2.85,0.4,76.7,52.7272401047834,18.5254961065059,73.722,1.92435716998414,12.5012902,2,8.3672660432
36,3638000,"3610338000","4","3","0","0",37.6,333.707,49.253686617302,57.4,3.2,0.6,79.6,54.6949869196631,14.903193520064,82.16,1.94791557502463,9.4546377,1,1.23026630202
36,3650617,"3611950617","3","2","0","0",38.3,75.823,48.3692283344104,64,2.58,0.5,51.4,49.5153185708822,21.3259828811838,65.317,2.65980310931332,11.0467436,1,1.93655578683
38,3884780,"3801784780","1","1","1","0",33.3,23.868,50.8840288252053,51.4,2.48,0.1,70.8,56.2845651080945,19.2098206804089,61.043,2.20534554228794,11.7924992,2.465116279,116.553637748
38,3819620,"3808919620","3","1","1","0",38.6,17.168,48.4622553588071,59.8,2.3,0.3,67,48.334109972041,14.2357875116496,50.022,2.63528806584362,7.1252292,14,75.7050766898
39,3943554,"3900343554","3","2","1","0",33.8,38.902,51.1747467996504,59.8,2.45,0,54.7,49.8149195414118,4.45478381574212,30.525,2.20619804272335,3.7340198,4,119.076660217
39,3933250,"3901733250","3","1","0","0",41.5,8.272,49.2746615087041,66.8,2.73,0.4,95.6,54.7630560928433,12.9110251450677,59.425,1.80125920646234,4.8600845,1,263.29574565
39,3949840,"3901749840","2","1","1","1",37.8,46.787,47.9278432043089,61.3,2.38,0.2,59.6,52.8565627204138,7.63246200867762,37.082,2.22252267969295,8.3013753,2,245.528557174
39,3977322,"3901777322","3","1","1","1",31.6,11.354,47.6660207856262,69,2.74,1.3,70.6,52.3956314955082,5.03787211555399,57.649,1.98794163050127,3.9656458,2,251.370341092
39,3983150,"3901783150","2","1","0","1",36.7,60.174,49.4964602652308,59.9,2.75,0.5,78.7,56.1488350450361,27.4254661481703,80.268,1.9853939119757,5.4773316,1.011111111,264.028465177
39,3974118,"3902374118","2","1","1","0",35.8,61.498,47.48934924713,65,2.4,0.5,56.8,48.663371166542,7.03437510162932,34.045,2.31942967617206,9.7430186,2,182.235276651
39,3949322,"3902549322","2","1","0","0",39.2,40.321,48.9323181468714,66.3,2.79,0.5,85.7,53.6941048089085,23.9428585600556,76.153,2.63931546266848,3.9104329,3.056179775,272.196820182
39,3916014,"3903516014","4","2","1","0",35.7,46.797,46.866252110178,55.5,2.33,0.7,59,53.0033976536957,28.8586875227044,48.717,2.79533336006094,0.7114009,1,6.82948161497
39,3973264,"3903573264","3","2","0","1",36.6,22.327,43.9647064092802,61.3,2.49,0.1,81.1,52.622385452591,20.9522103283021,55.399,1.57676153705684,1.8779706,1,7.87313224399
39,3983342,"3904983342","3","2","1","0",39.5,28.367,47.2520886946099,55.8,2.53,0.8,75.5,51.767899319632,27.2288222230056,73.778,3.3725431582094,6.4007853,4,147.355812949
39,3916616,"3906116616","3","2","0","0",37.8,58.309,47.8673961138075,61.6,2.61,0.4,79.4,53.8321699909105,12.1216278790581,53.533,1.80929354876754,6.0090231,1,280.181505948
39,3927706,"3906127706","4","2","0","0",36,18.642,47.3554339663126,64.1,2.58,0.2,61.2,52.6123806458534,13.5071344276365,46.981,2.09348519674774,0.1526093,1,273.121381397
39,3932158,"3906132158","3","1","0","0",37.7,3.671,44.1024244075184,65.2,2.52,0,69.9,55.5979297194225,23.6992645055843,59.938,1.96506372960247,4.6708405,1,274.800217854
39,3944366,"3906144366","2","2","1","1",33.3,3.463,53.970545769564,49.8,2.57,0,35.7,55.3566272018481,6.20848974877274,31.974,2.16613230977647,5.7113046,3,276.457286693
39,3946312,"3906146312","2","2","0","1",42.4,8.674,47.5213281069864,77.7,2.63,0,89.4,51.3719160710168,31.4503112750749,81.905,1.93403345350321,1.3501562,3,277.908762832
39,3951716,"3906151716","3","2","0","1",45.2,10.15,50.9162561576355,75.9,2.74,0,87.2,50.64039408867,37.0246305418719,114.315,2.19122869955157,0.8621655,3,270.39935072
39,3976582,"3906176582","4","3","1","1",47.9,5.76,51.0243055555556,74.3,2.92,0,96.5,52.03125,40.5729166666667,220.433,5.13298166405602,1.0130404,3,275.9798849
39,3986730,"3906186730","4","2","1","1",40.8,8.318,46.1048328925222,76.7,2.74,0.6,82.7,48.4611685501322,33.3132964654965,96.739,3.32616034993982,1.2402166,2,277.177175511
39,3985232,"3907785232","2","1","1","0",34.4,6.382,48.9501723597618,87.5,2.79,1.1,61.4,45.2209338765277,4.49702287684112,38.735,1.83157207086039,2.3049972,2,42.5583934865
39,3957834,"3909357834","4","4","1","0",25.5,8.298,46.2521089419137,38.7,2.18,0.3,58.8,36.647384912027,13.3887683779224,47.334,1.58394485795157,2.4001796,1,18.4100678924
39,3911066,"3909911066","3","3","1","1",42.9,8.444,47.5367124585504,83.6,2.5,0,75.5,48.638086215064,7.48460445286594,35.341,2.55481040426199,1.3468683,1.454545455,92.1769804433
39,3962848,"3910962848","3","1","1","1",38.3,20.659,47.625732126434,65.6,2.37,0.3,63.4,51.6675540926473,7.64315794568953,42.036,1.83095246929613,5.0537239,2,177.093573929
39,3936610,"3911336610","2","1","1","1",37.5,37.251,48.7772140345226,58.2,2.57,0.4,73.3,54.6347749053717,11.8225014093581,55.449,1.78961733098311,5.9886701,2,200.171208759
39,3936610,"3911336610","2","1","1","1",37.5,37.251,48.7772140345226,58.2,2.57,0.4,73.3,54.6347749053717,11.8225014093581,55.449,1.78961733098311,5.9886701,2,200.171208759
39,3979492,"3911379492","3","1","1","1",41.3,15.095,49.2215965551507,60,2.25,0.1,66.8,54.693607154687,12.1894667108314,49.539,2.07585821386295,11.0136229,2,201.056059396
39,3928826,"3914328826","3","1","1","0",35.1,16.959,47.1372132790849,68.9,2.46,0.5,61.8,50.6456748629047,5.38946871867445,39.398,2.35419906687403,6.946902,1,12.9482449789
39,3976778,"3914776778","2","1","1","1",34.3,17.937,48.3971678653064,55.1,2.25,0.2,62.9,47.1539276356135,10.4867034621174,35.767,1.8428161755538,11.5390269,2,39.8860145231
39,3912000,"3915112000","2","2","1","0",35,74.451,47.3277726289774,62.6,2.34,0.3,56.4,50.8267182442143,6.9347624612161,30.043,2.47727539635937,5.2388076,3,83.3231755584
39,3945094,"3915145094","2","1","1","0",40.8,9.121,46.5848042977744,68.9,2.44,0.5,65.8,51.5952198223879,11.6653875671527,48.761,2.24347336570262,9.5351049,3,83.8889982611
39,3953312,"3915353312","3","1","1","0",42.9,5.043,48.5028752726552,63.8,2.45,0,88.4,56.2958556414832,25.4213761649812,68.306,2.32226728284448,6.2288899,1,47.2759349555
39,3978050,"3915378050","4","2","0","1",40.2,18.512,47.428694900605,64.2,2.47,0.7,74,54.4997839239412,26.2748487467589,69.662,2.21242958386335,6.9296993,1,29.2678669265
39,3942364,"3916542364","2","1","1","0",34.1,19.943,48.7188487188487,61.9,2.69,0.2,64.9,54.24459710174,15.5894298751442,61.414,2.47095224900711,7.7496588,2,247.894661099
39,3947628,"3916747628","2","1","1","1",37.3,14.211,47.0902821757793,58.4,2.11,1.3,55.6,46.6117796073464,11.3573991978045,31.315,2.52131854266337,26.2485065,1.545454545,233.571187239
39,3968686,"3917368686","2","1","1","0",37.6,6.328,49.4152970922882,58.7,2.46,0.4,70.2,54.0297092288243,15.7079646017699,59.803,2.00526208086064,3.8115987,2,17.9490605047
42,4211680,"4200311680","2","2","0","0",40.7,8.301,48.12673171907,53.4,2.18,0.4,61.4,56.0896277556921,16.6726900373449,44.795,1.82173549773216,3.3609323,1,183.778900478
42,4215216,"4200315216","3","3","0","1",43.9,6.647,50.1128328569279,55.7,2.29,1,79.5,58.1615766511208,22.100195576952,62.487,1.76651802777424,4.6851395,1,176.83370344
42,4219576,"4200319576","1","1","0","1",40.7,8.652,50.046232085067,41.2,2.12,0.6,57.9,62.1937124364309,23.2547387887194,46.78,1.42776174232485,0,1,180.330188972
42,4224160,"4200324160","4","1","1","0",39.3,3.505,49.7574893009986,49.1,2.11,0,57.2,62.453637660485,11.8972895863053,34.434,1.55248328724931,31.1020438,1,172.874250846
42,4226592,"4200326592","3","2","0","0",49.1,6.54,45.7186544342508,62.1,2.15,1.1,77.5,55.8562691131498,30.6422018348624,55.188,1.64177738329681,0,1,183.128049344
42,4227552,"4200327552","3","2","0","1",39.8,12.985,51.1436272622256,66.4,2.98,0.8,96.8,54.9403157489411,40.1694262610705,114.981,2.71564279764987,2.1581325,1,158.107683071
42,4246256,"4200346256","2","1","0","0",38.4,20.341,46.767612211789,76.1,2.19,0.4,56,48.178555626567,5.00467037018829,25.943,2.27966577290017,12.3268166,1,192.251305217
42,4250784,"4200350784","3","2","1","1",37.5,23.639,51.6011675620796,46,2.41,0.1,73.8,51.0258471170523,24.9206819239393,70.387,2.25063528153003,3.5237529,1,163.176045916
42,4251696,"4200351696","4","2","0","0",43,32.838,47.4450331932517,71.9,2.34,0.2,75.9,53.0909312381996,37.3165235398015,77.742,3.26689178426938,0.5594098,1,181.889029342
42,4264528,"4200364528","4","2","0","0",41.6,10.682,46.6579292267366,70.6,2.74,0.5,87,52.2467702677401,27.0080509267927,84.135,3.27535975047849,2.217882,1,157.119468988
42,4269376,"4200369376","4","2","0","0",40.6,3.812,45.0682056663169,81.3,2.18,1.5,65.3,50,34.6537250786988,54.021,2.39598068552775,13.911716,1,160.689552159
42,4269584,"4200369584","3","2","1","1",44.7,28.702,47.8433558637029,63.4,2.41,0.8,87.7,54.8184795484635,21.2180335865097,62.416,2.15457564339996,5.758445,1,169.751056598
42,4269776,"4200369776","3","1","1","0",39,3.444,50.5807200929152,62.3,2.12,0,51.6,49.5934959349593,7.66550522648084,30.089,2.28925088414961,36.1813324,1,173.924435345
42,4279274,"4200379274","3","1","0","0",44.4,19.188,48.1290389826975,76.2,2.76,0.1,92,50.891181988743,36.3925370022931,112.828,1.58566174452435,5.1156579,1,185.129019952
42,4282800,"4200382800","4","3","0","1",42.6,11.616,48.9669421487603,63.5,2.48,0.6,84.6,55.9228650137741,16.0468319559229,60.533,2.89458548640755,2.8677532,1,160.419669492
42,4222264,"4200722264","2","1","0","0",45.1,9.004,50.2332296756997,56.4,2.66,0.3,96,60.00666370502,18.1141714793425,69.882,2.7262578317828,1.7079109,1,150.058346955
42,4235640,"4200735640","2","1","0","0",46.6,12.647,48.6597612081917,67.8,2.39,0,84.7,53.5542025776864,16.0275164070531,54.493,2.20757861179539,4.9746141,1,152.570403259
42,4249184,"4200749184","2","2","0","0",45.5,2.704,40.051775147929,76,2.18,0,52.4,51.4423076923077,7.24852071005917,29.684,2.57629729469529,11.8174157,1,141.177701669
42,4214984,"4201114984","3","1","0","0",44.8,5.146,47.8818499805674,53.7,2.62,1.5,87.4,56.5876408861251,9.91061018266615,64.905,1.20127865558499,5.4148915,1,60.6684971094
42,4217720,"4201117720","2","2","0","1",44.8,15.026,47.2913616398243,66.7,2.25,0.1,72.6,53.8067349926794,20.3447357912951,60.404,1.8737486398259,3.643431,1,68.6405322615
42,4278280,"4201178280","3","1","0","1",42.1,3.522,49.8864281658149,54.1,2.56,0.6,87.2,57.183418512209,9.79557069846678,64.655,1.71610698895943,7.2370992,1,54.4630517149
42,4219792,"4201719792","3","1","1","1",43.9,17.67,51.4374646293152,65.2,2.59,0.9,83.7,51.6921335597057,25.6762874929259,99.926,2.53656175477534,10.1008371,1,32.8493016282
42,4234952,"4201734952","2","1","0","0",39.7,14.567,50.0034324157342,65.2,2.81,0.6,80.9,54.2115741058557,22.3862154184115,86.922,1.3007081895769,1.6721699,1,41.136920715
42,4253304,"4201753304","3","2","0","1",41,11.047,47.3160133973024,71.9,2.8,0.9,88.3,51.470987598443,26.3238888385987,91.163,1.8793037048448,11.9550686,1,36.1673020414
42,4263048,"4201763048","3","1","1","1",39.9,9.055,45.8752070679183,60.2,2.47,0,60.9,53.8597459966869,12.0817228050801,50.348,2.39395658958718,20.4970629,1,54.4567837
42,4264536,"4201764536","3","2","0","1",36.9,12.478,49.3829139285142,65.6,2.7,0.2,91.7,55.6659721109152,16.5731687770476,67.976,1.97535771065183,15.5583326,1,55.0123955658
42,4276304,"4201776304","2","1","1","1",48.7,2.287,39.1779623961522,101.3,1.99,0,57.4,44.5999125491911,21.1630957586358,48.333,3.35850921852602,0,1,42.806848769
42,4276304,"4201776304","2","1","1","1",48.7,2.287,39.1779623961522,101.3,1.99,0,57.4,44.5999125491911,21.1630957586358,48.333,3.35850921852602,0,1,42.806848769
42,4210472,"4201910472","1","1","0","0",44.5,17.348,47.7461378833295,70.5,2.31,0.3,77.2,49.8328337560526,14.7913304127277,53.694,2.38241032567912,0,1,136.047024824
42,4249056,"4201949056","3","1","0","0",42.9,5.437,47.3238918521243,62.2,2.74,0,91.2,55.0487401140335,14.8979216479676,68.734,1.93321492007105,0,1,151.187669283
42,4287272,"4201987272","2","1","1","1",48.5,3.875,45.9612903225806,84.3,1.95,0,52,47.7677419354839,21.058064516129,48.1,2.24201652892562,0.042393,1,136.43504454
42,4238288,"4202138288","2","1","0","0",42.3,21.448,46.032264080567,70.9,2.04,0.4,47.7,51.9395747855278,8.2431928384931,24.819,2.40176600441501,23.7757173,1,224.184683337
42,4215136,"4202715136","3","1","1","1",42.8,9.199,51.0598978149799,61.2,2.32,0.8,74.4,54.7776932275247,31.9273834112404,73.977,3.2750890736342,4.1926588,1,185.856277798
42,4232792,"4202732792","4","2","0","1",40.7,4.845,51.8266253869969,68.9,2.69,0.7,75.8,53.0650154798762,29.2260061919505,68.92,1.90675,1.2128519,1,190.356916765
42,4258440,"4202758440","4","3","0","1",26.7,14.646,54.2810323637853,31.3,2.33,1.7,44.9,44.0666393554554,29.7145978424143,51.052,2.14564735162041,1.399431,1,187.188260711
42,4273808,"4202773808","3","4","0","1",20.8,41.876,52.1515904097813,10.6,2.2,0.5,20.3,18.9822332601012,12.6540261725093,23.513,4.93088334457181,1.0634277,1,189.27523323
42,4210824,"4202910824","2","1","0","1",37.9,13.589,48.0241371697697,46.8,2.45,0.3,73,61.2480682905291,22.7610567370667,74.227,1.94808737010572,8.6022558,1,35.091899328
42,4219752,"4202919752","3","2","1","1",36.6,7.907,46.9710383204755,51.5,2.27,0.1,52.2,56.9495383837106,18.3255343366637,50.062,1.57840920263494,22.6642582,1,32.1631752755
42,4220920,"4202920920","2","1","0","0",37.8,4.473,46.5235859602057,60.8,2.26,0,73,54.0353230494076,38.2293762575453,91.939,2.858674036003,6.1976252,1,31.4836067301
42,4222000,"4202922000","4","2","0","1",40.1,6.633,49.6607869742198,70.9,2.7,2,80.1,52.1785014322328,24.0162822252375,83.405,6.25358823529412,10.6841101,1,40.6444991601
42,4222056,"4202922056","3","2","0","1",36,10.481,48.296918232993,55.4,2.67,1,73.3,49.1746970708902,28.8999141303311,88.277,1.29414850737674,4.7827758,1,27.0690230143
42,4235536,"4202935536","3","1","0","1",41,7.431,44.0855874041179,88.3,2.89,0,81.3,43.7895303458485,11.1021396851029,73.355,2.69659351457583,9.056168,1,49.718174838
42,4239352,"4202939352","4","3","1","1",34,5.959,53.6331599261621,58.4,2.88,1.6,53.6,57.8956200704816,10.9414331263635,57.5,1.77073442495882,5.1736988,1,21.4622266828
42,4276568,"4202976568","3","2","0","1",39.4,2.969,54.0922869653082,53,2.63,2,73.1,58.976086224318,38.8346244526777,121.186,1.72365901639344,11.5613607,1,16.5746741536
42,4279352,"4202979352","2","1","0","0",37.3,10.498,50.3810249571347,58.5,3.12,1.1,95.2,57.1251666984187,41.3793103448276,159.694,1.18051238853226,13.8852273,1,38.061668119
42,4283080,"4202983080","4","4","0","0",37.6,21.773,49.5521976760208,56.8,2.67,0.5,74,55.1279107151059,30.2806227896937,89.233,2.37093540432789,7.680929,1,22.8569458727
42,4214064,"4203314064","3","2","0","0",42.7,6.284,45.0031826861871,56.5,2.09,0.6,53.7,53.7555697008275,10.8688733290898,30.646,2.03124415341441,6.0731491,1,175.933640338
42,4217840,"4203317840","3","2","0","0",41.1,2.562,49.8829039812646,79,2.06,0,67.6,51.60031225605,4.72287275565964,28.586,2.54237629073354,16.1214767,1,177.253910141
42,4244128,"4203544128","2","2","1","0",22,9.644,46.4433844877644,33.9,2.38,0.6,37.2,31.9991704686852,8.0464537536292,25.579,2.6152385710717,19.5320319,1,144.333243372
42,4211272,"4204111272","2","2","1","1",33.6,18.516,45.1339382155973,49.6,2.04,0,53.5,46.1654785050767,18.4813134586304,43.922,2.38190025948175,2.7597343,1,113.246205347
42,4242648,"4204142648","3","1","0","0",38.4,4.467,51.8916498768749,51.2,1.97,0,45.4,60.2193866129393,16.6330870830535,47.863,1.659432207274,0.5806845,1,103.118673701
42,4278736,"4204178736","2","1","0","0",38.4,17.538,45.324438362413,56.6,2.29,0.4,75.4,45.0507469494811,22.0948796898164,66.565,2.41917824521734,6.9446015,1,101.017129997
42,4286528,"4204186528","4","1","0","1",35.9,2.988,50.7362784471218,38.8,2.04,0,39.3,66.90093708166,28.9825970548862,53.594,1.8082170880558,8.2699408,1,105.13541382
42,4245056,"4204345056","3","1","0","0",41.1,46.803,48.9519902570348,52.7,2.36,0.8,68.7,56.8531931713779,21.9729504518941,64.758,1.98465069219949,5.47557,1,104.552570802
42,4241440,"4204541440","3","2","0","1",39.4,10.659,45.1637114175814,48.8,2.4,1.7,69,59.3489070269256,22.3097851580824,63.009,1.7902440268251,3.5920831,1,7.94362713369
42,4247616,"4204547616","3","1","0","1",45.6,23.421,50.0021348362581,70.8,2.69,0.4,82.6,50.3437086375475,20.4645403697536,76.723,1.90179614325069,4.2328875,1,11.9839080080999
42,4253104,"4204553104","3","3","0","0",43.2,13.621,48.8804052565891,75.2,2.64,0.6,88.4,51.0168122751634,33.095954775714,96.435,2.62840496368039,7.6692178,1,5.2941655347
42,4264832,"4204564832","3","3","0","1",42.6,7.019,48.454195754381,56.8,2.38,0.3,68.3,54.836871349195,16.2416298618037,60.561,1.7779976351922,5.6242341,1,1.73540821322
42,4236368,"4206136368","3","1","1","0",30.3,7.067,48.5778972689967,46.7,2.02,0.7,52.1,41.375406820433,11.7164284703552,35.057,2.60166217956221,15.7598808,1,182.006080793
42,4251984,"4206151984","3","2","1","0",39,2.553,43.8699569134352,74.9,2.2,0.6,51.2,47.9827653740697,6.22796709753232,29.042,2.59273846153846,16.2477484,1,165.218198918
42,4221688,"4207121688","3","2","1","1",35.9,4.506,52.3302263648469,51.8,2.64,0.7,84.8,56.7465601420328,16.6444740346205,55.074,1.41261253069019,1.8044287,1,64.9395868593
42,4246896,"4207146896","3","1","0","1",44.4,37.36,46.6113490364026,81.8,2.44,0.2,76.2,49.6493576017131,23.8918629550321,66.031,2.08590564152421,5.5149178,1,62.5931698646
42,4253696,"4207153696","3","1","1","1",39.4,5.343,47.2580947033502,64.9,2.35,0,58.6,51.5815085158151,11.0612015721505,51.932,1.93451034962602,0,1,57.1862157492
42,4281168,"4207181168","4","3","1","0",39.4,17.423,49.1132411180623,60.1,2.68,0.1,83.7,56.7812661424554,16.9086839235493,69.378,1.4318435207824,5.5974613,1,68.1251619636
42,4211720,"4207711720","1","2","1","1",36.3,6.473,51.784334929708,58.4,2.53,1.3,68.9,55.2294144909625,9.37741387301097,53.766,1.60926365795724,12.9508251,1,80.2689603754
42,4216128,"4207716128","2","1","0","0",41.6,3.242,45.7742134484886,75,2.32,0.4,79.1,51.2646514497224,8.88340530536706,50.023,1.98727272727273,4.009046,1,83.2522291971
42,4223584,"4207723584","3","1","1","1",38.2,11.269,47.5818617446091,60.1,2.42,0.5,67,55.5417517082261,18.9191587541042,61.214,1.52084324324324,4.232814,1,70.1494085935
42,4233616,"4207733616","3","1","0","1",42.8,3.406,50.79271873165,51.6,2.38,1.5,91.5,60.8338226658837,12.6247798003523,73.316,1.5021164556962,4.2766385,1,95.7621416817
42,4272632,"4207772632","2","1","1","1",48.1,19.047,45.2039691289967,74.6,2.41,0.2,82.5,52.4859557935633,24.1297842179871,64.854,1.78841191066998,8.0005308,1,80.0940293694
42,4221872,"4208921872","2","1","1","0",23.5,10,44.55,37,2.49,0.3,51.7,35.34,10.72,45.536,2.56143525986544,8.4341095,1,90.8828544945
42,4215192,"4209115192","2","1","1","0",27.6,5.15,57.2815533980583,33,2.54,0,73.2,43.9029126213592,23.126213592233,104.83,2.5097188108749,14.0541799,1,37.2547314758
42,4233112,"4209133112","2","2","0","0",36.4,3.175,52.1889763779528,39.6,2.33,1.2,54.3,64.2204724409449,21.1023622047244,62.025,1.71980934467576,12.0174299,1,36.8211832117
42,4233120,"4209133120","4","1","0","1",39.9,17.154,50.9152384283549,51.8,2.57,0.7,67.6,56.7622711903929,21.4352337647196,63.483,1.93421146146739,5.7257628,1,36.2440701186
42,4243312,"4209143312","2","2","0","0",38.2,17.268,48.8070419272643,61,2.59,0.5,80.8,55.8373870743572,23.2337271253185,76.682,1.9023709023709,5.0229984,1,45.0938015961
42,4245008,"4209145008","2","2","0","0",44.1,12.662,48.3020060022113,76,2.88,0.3,85.9,50.1500552835255,28.7790238508924,91.611,6.94629235963486,8.6077476,1,13.5040116228
42,4279136,"4209179136","3","2","1","1",40,28.102,49.2491637605864,52.9,2.27,0.3,65.9,58.6008113301544,34.8658458472707,77.955,1.62764138572116,9.8914112,1,25.4378333852
42,4279240,"4209179240","4","2","0","1",39.1,5.094,52.8464860620338,56,2.87,0.6,93.5,56.8119356105222,16.5292500981547,86.322,2.52358996665217,0.9493549,1,53.6919702846
42,4233744,"4209533744","3","1","1","1",40.8,5.888,48.8451086956522,75.7,2.33,0.4,69.6,50.101902173913,14.2153532608696,48.771,1.91792091240535,8.9420434,1,68.5948558128
42,4258696,"4209558696","3","2","0","1",38.5,3.615,47.16459197787,62.3,2.5,0.4,66.7,52.6417704011065,9.10096818810512,52.5,1.82050159997812,2.1295394,1,90.4033145908
42,4260000,"4210160000","4","3","1","1",33.7,1504.95,47.0337220505665,54.9,2.53,0.7,55.3,51.8074354629722,12.6683278514236,36.251,1.89311472825444,11.8589838,1,3.85690504236
42,4246592,"4210746592","3","3","0","0",47.9,4.235,50.0826446280992,90,2.01,1.2,73.4,48.689492325856,3.49468713105077,26.709,1.9378400350197,0.0681755,1,125.842267255
42,4271776,"4211171776","3","2","1","0",38.8,6.353,44.8449551393043,73.2,2.23,1.1,50.8,46.9699354635605,12.4035888556587,30.891,2.07126179589454,9.3167319,1,211.280480371
42,4212224,"4212512224","3","2","0","0",42.9,3.277,52.0903265181568,67,2.44,0.9,88.1,52.7921879768081,11.5349404943546,47.2,1.67429979564852,5.2246142,1,219.973869803
42,4219536,"4212519536","3","2","0","0",42,4.937,48.6732833704679,65.4,2.16,0,60.3,50.41523192222,9.58071703463642,27.708,2.28997993626815,8.5779022,1,208.327362898
42,4255432,"4212555432","3","3","0","1",42.4,12.796,48.2025633010316,64.1,2.45,0,87.6,55.3923100969053,23.3354173179118,65.602,1.96019618405012,4.0193715,1,192.909017333
42,4259608,"4212559608","2","1","0","0",43.1,20.528,48.7529228371005,75.7,2.96,0.9,95.3,51.022992985191,31.0015588464536,100.109,2.51172650410489,2.3950762,1,191.48818015
42,4237208,"4212937208","3","2","0","0",37.5,4.028,46.772591857001,46.3,1.93,0,39.1,57.9692154915591,14.1012909632572,40.431,1.76692495921697,2.4362666,1,197.866741974
42,4266376,"4212966376","4","1","0","0",46.8,11.424,50.0437675070028,67.7,2.53,0,86.7,53.8165266106443,15.8088235294118,52.195,1.90077210964631,5.0811366,1,211.278500109
42,4219704,"4213319704","2","2","1","1",41.6,20.673,47.1097566874667,60,2.44,0.4,87.2,55.3620664635031,7.99109950176559,52.247,1.46439611981665,5.905691,1,79.0460613818
42,4232448,"4213332448","3","2","1","1",40.4,15.256,47.6402726796015,64.4,2.26,0.1,59.4,51.442055584688,9.98295752490823,44.9,1.79279136233725,1.6796451,1,68.2710530511
42,4237488,"4213337488","2","1","0","1",39.4,7.28,52.4450549450549,65.2,2.7,1.1,91.4,54.1483516483516,9.57417582417582,65.367,1.57845449662549,6.4255043,1,70.4283651883
42,4245152,"4213345152","3","2","0","1",42.3,7.451,48.9330291236076,53,2.51,0,85.7,59.2269494027647,6.9655079855053,54.444,1.41548235294118,3.4611469,1,59.4277318999
42,4272992,"4213372992","3","2","0","0",41.6,26.303,51.9940691175912,62.8,2.4,0.6,71.9,53.5186100444816,16.9676462760902,62.224,1.80439198745146,6.2913952,1,68.9143136648
42,4287048,"4213387048","3","2","0","0",29.6,43.592,48.7337126078179,59.5,2.55,0.7,42.9,47.7037071022206,5.02156358964948,28.583,2.23050168634064,3.8096735,1,69.4239942661
42,4287056,"4213387056","3","1","0","1",41.2,27.225,46.6152433425161,68.5,2.37,0.1,69.8,52.0440771349862,17.5831037649219,63.269,2.15361139369278,3.9128884,1,61.6344403354
46,4666700,"4602766700","2","1","1","1",23.3,10.517,48.8447275839118,30.8,2.12,0.6,47.7,35.4188456784254,17.0485880003803,30.534,3.02582121261644,2.0923864,1,135.445195528
46,4630220,"4604730220","3","2","1","0",52,3.797,52.9628654200685,74.2,1.75,0,55.2,51.7777192520411,11.1403739794575,31.536,2.65006150061501,3.5647499,17,149.804813721
46,4660020,"4608160020","3","1","1","0",33.8,10.195,45.8754291319274,56.9,1.91,0.7,50.1,44.1490926924963,16.0666993624326,33.713,3.65794625378181,6.3798485,13,206.921940227
46,4615980,"4609915980","2","1","1","1",45.7,3.516,43.0602957906712,77.8,2.33,0,71.3,51.2514220705347,14.7895335608646,56.4,3.77528729682162,22.8899317,2,170.615171266
50,5032425,"5002732425","3","2","0","0",44.1,3.374,50.4445761707172,50.6,2.4,0.6,85.4,58.7136929460581,17.5163011262596,62.212,1.68921827018401,5.3177514,1,76.9866951067
55,5519775,"5500919775","3","1","1","0",29.5,23.225,47.9052744886975,52.7,2.41,0.1,62.7,46.286329386437,16.5382131324004,53.411,2.08736791833323,10.8751481,3.161290323,14.3685918983
55,5577975,"5500977975","2","1","1","0",40.9,10.867,52.967700377289,54.7,2.69,0.4,87.4,59.9705530505199,19.8122756970645,78.69,1.64414423132754,15.0646349,4,0.764750036982
55,5555800,"5501955800","2","2","1","1",40.4,2.882,46.8771686328938,94.6,2.15,0,57.2,43.4767522553782,7.77238029146426,34.331,2.85983333333333,11.3818616,7,64.2875150222
55,5516450,"5502116450","4","1","1","0",36.9,4.92,49.390243902439,77.4,2.37,0,59.9,47.4390243902439,13.3943089430894,48.063,1.87217407686511,19.7144476,0,69.8911357912
55,5564100,"5502164100","3","2","1","0",35.5,10.254,54.5543202652623,56.3,2.26,0.3,52.4,53.0232104544568,9.97659449970743,39.259,2.32435543278085,34.2406504,1,51.482454506
55,5546850,"5502546850","4","1","1","0",40.2,7.574,49.1418008978083,50.6,2.49,2,74.8,58.0538684974914,26.234486400845,73.814,2.11704930372601,7.2695201,0,107.062270747
55,5551575,"5502551575","4","4","1","0",39.8,17.164,47.5879748310417,47.4,2.2,0.8,60.9,60.0326264274062,34.9627126543929,60.243,2.40836848947969,7.0033582,0,90.6147164296
55,5553675,"5502553675","4","2","1","1",45.6,7.598,48.4601210844959,55.7,1.96,0,61.3,54.4748618057383,27.0071071334562,52.204,2.39731578435504,10.152515,0,102.00486573
55,5577675,"5502577675","4","2","1","1",39.1,12.599,48.5673466148107,61.7,2.38,1,66.2,54.7424398761806,17.3823319311056,61.235,2.50977809969053,11.2503974,0,107.758571034
55,5578600,"5502578600","2","2","1","1",33.1,27.808,50.1186708860759,55.3,2.51,0.6,64.1,55.9263521288838,23.3997410817031,65.652,2.17411740663158,6.1561532,0,93.6154727721
55,5535750,"5502735750","3","2","1","1",35,3.702,49.1356023770935,51.4,2.47,0,73.9,58.9951377633711,10.0486223662885,52.76,1.77513494789712,8.5450451,0,43.1836754363
55,5551025,"5503351025","3","2","1","1",23.2,16.061,48.9259697403649,32.1,2.29,0.7,49,33.765020857979,11.5185853931885,38.716,2.51588342286705,4.5755617,5,170.706270111
55,5568175,"5503968175","2","2","1","0",38.1,7.686,49.5446265938069,65.7,2.23,0.3,64.8,48.6468904501691,11.735623211033,40.74,2.185119574845,4.4674201,2,29.3012203005
55,5520350,"5504920350","2","2","1","0",36.3,4.627,47.7631294575319,73.4,2.35,0,72.3,49.9243570347958,16.1443700021612,51.107,2.72540633019675,0.7811555,0,100.088965229
55,5586925,"5505586925","4","2","1","1",20.6,3.134,53.9246968730057,20.9,2.06,2.3,56.4,26.419910657307,11.1997447351627,43.112,1.28934262948207,12.4968995,0,69.9173758701
55,5586925,"5505586925","4","2","1","1",20.6,3.134,53.9246968730057,20.9,2.06,2.3,56.4,26.419910657307,11.1997447351627,43.112,1.28934262948207,12.4968995,0,69.9173758701
55,5560975,"5505960975","3","1","1","1",35.7,3.02,47.1523178807947,50.1,2.76,0,84.3,57.2847682119205,11.7880794701987,64.732,1.87884793235566,12.6722135,0,24.0069362255
55,5563300,"5505963300","3","2","1","0",38.4,19.124,49.4666387784982,58.8,2.7,0.3,80,54.5335703827651,19.0859652792303,72.489,1.83007965375938,11.5997978,0,6.71620670894
55,5586275,"5506386275","1","1","1","1",36.1,4.773,51.1627906976744,70,2.5,0.4,74.9,53.8654934003771,15.378168866541,50,1.53242856742282,2.2921999,2,82.182864481
55,5554500,"5507354500","3","1","1","1",38.5,4.01,52.0947630922693,59.6,2.39,1.2,67.8,52.2942643391521,10.1745635910224,48.591,1.64004308603743,9.049336,7.736842105,61.3773062911
55,5586025,"5507386025","3","1","1","1",35.7,14.381,48.4736805507267,61.1,2.55,0.5,68.1,53.3898894374522,13.1701550657117,55.367,1.81567353232735,8.9196266,7.896551724,75.7692981105
55,5527075,"5507927075","2","2","1","0",44.3,6.683,49.8129582522819,70.9,2.38,0.9,86.3,49.6633248541074,39.2937303606165,96.35,1.92773835881522,2.9124805,0,0.842135063419
55,5573725,"5507973725","3","3","1","0",38,13.144,46.6296409007912,53.1,2.12,0.9,46.6,53.3703590992088,37.5760803408399,59.691,3.27663784025274,1.4662719,0,1.17104906992
55,5580075,"5508180075","2","1","1","1",33.9,8.975,46.1615598885794,73.9,2.33,0,57.6,49.6935933147632,10.5849582172702,40.15,1.75833658981373,19.6734939,3,35.2962218437
55,5559350,"5508359350","3","2","1","0",35.5,4.6,48.7391304347826,68.7,2.21,0.7,68.4,53.1521739130435,6.52173913043478,36.451,3.16915656981532,39.5561501,4,1.88123355706
55,5572725,"5508772725","2","1","1","0",36.3,3.445,48.4760522496372,80.5,2.25,0,65.2,50.1306240928882,14.1364296081277,53.329,2.31438622477319,8.6700709,4,23.6846491451
55,5530000,"5508930000","2","1","1","1",37.8,11.338,48.1742811783383,64.5,2.4,0.9,66.3,53.6426177456341,21.3529723055213,65.544,2.28548514182801,4.730464,0,4.73668156823
55,5511200,"5510111200","2","1","1","0",36.6,10.398,50.201961915753,69.3,2.51,0,58.9,50.4616272360069,11.9638391998461,53.495,2.41192922912542,14.4780186,0,37.5977743885
55,5511200,"5510111200","2","1","1","0",36.6,10.398,50.201961915753,69.3,2.51,0,58.9,50.4616272360069,11.9638391998461,53.495,2.41192922912542,14.4780186,0,37.5977743885
55,5577925,"5510177925","2","1","0","0",36.1,6.654,65.5244965434325,34.9,2.39,1,70.4,66.3660955816051,6.25187856928163,51.345,1.69909567421231,3.4844675,0,8.74848706789
55,5524550,"5510524550","2","2","1","0",33.5,4.875,50.2564102564103,69.4,2.67,0.8,70.3,49.9897435897436,14.7897435897436,62.716,2.19417710792325,12.6155874,0,116.624507611
55,5552200,"5510552200","2","1","1","0",34.7,5.515,48.2320942883046,64.8,2.31,0.6,64.7,51.260199456029,15.8295557570263,49.63,2.80087221610636,0.3379664,0,89.0629718522
55,5568275,"5510968275","3","3","1","1",39.3,3.073,47.9010738691832,59.6,2.13,0,68.3,51.3830133420111,26.2935242434103,55.662,2.26050607158751,5.8132673,5,157.008370367
55,5568275,"5510968275","3","3","1","1",39.3,3.073,47.9010738691832,59.6,2.13,0,68.3,51.3830133420111,26.2935242434103,55.662,2.26050607158751,5.8132673,5,157.008370367
55,5566800,"5511166800","3","2","1","0",34.7,8.982,49.9220663549321,60.9,2.4,0.7,67.2,52.4048096192385,7.604097083055,43.76,1.82308771929825,17.6538199,1,35.7153580903999
55,5519450,"5512719450","2","1","1","0",31.8,8.542,49.5902598922969,71.5,2.67,1,53.2,46.5581830952938,8.75673144462655,45.218,2.22689279644851,10.6984078,0,66.8882439525
55,5541450,"5512741450","4","3","1","1",39,7.685,46.4281067013663,65,2.28,0.4,48.2,53.9232270657124,16.1223162003904,47.873,1.76082625563594,2.0234344,0,50.4298859456
55,5585350,"5513185350","3","2","1","1",37.2,30.764,47.0387465869198,65.6,2.31,0.3,63.9,52.2493823950072,12.9729554024184,51.763,2.0459006306722,9.4241012,0,25.5303611139
55,5519400,"5513319400","3","1","1","0",42.1,6.987,48.3326177186203,66.2,2.43,0.8,68.7,54.9592099613568,30.5996851295263,76.835,2.42149317584692,5.6210839,0,40.138652054
55,5559275,"5513359275","4","3","0","0",45.2,8.278,49.2268663928485,60.6,2.59,0.8,89.7,56.4025126842232,21.8047837641943,85.019,3.30191599115696,8.2267732,0,46.7854840239
55,5562240,"5513362240","4","2","1","1",45.5,12.963,47.2575792640592,65.6,2.49,0.8,85,55.195556584124,27.879348916146,82.287,1.32913698366386,11.9854382,0,28.1055150199
55,5562250,"5513362250","3","2","1","0",43.1,8.143,46.4325187277416,54.5,1.98,0.2,60.3,57.9761758565639,23.7381800319293,56.385,1.89901225238841,20.6555649,0,28.8675806932
55,5578750,"5513378750","2","1","1","0",37.8,10.262,52.2412785032157,62.6,2.65,0,69.9,53.4203858896901,20.2786981095303,74.363,2.33159816642064,8.0902879,0,26.1952375215
55,5556925,"5513556925","2","1","1","1",41.1,5.701,48.7282932818804,72.1,2.17,0.6,62.4,50.9910542010174,10.1911945272759,43.433,2.16958288415292,31.701686,5,29.5939739231
55,5556925,"5513556925","2","1","1","1",41.1,5.701,48.7282932818804,72.1,2.17,0.6,62.4,50.9910542010174,10.1911945272759,43.433,2.16958288415292,31.701686,5,29.5939739231
55,5584375,"5513584375","3","1","1","1",40.8,6.012,47.4218230206254,70.6,2.02,0,49.9,47.6713240186294,7.2022621423819,30.759,1.71783331359311,10.2215728,5,50.5604869923
55,5560500,"5513960500","3","3","1","1",32.9,65.507,51.2632237776116,45.7,2.26,0.2,59.1,49.8420016181477,11.5789152304334,42.435,2.26560862985526,5.581018,2.077922078,3.65719550607
